Category,Title,Content,Date,URL,Media
정치,"추경호 ""우원식은 타협 애쓴 존경하는 선배…여야 협치 가교 기대""","""의대증원 고비 넘겨…의료인, 의료개혁특위 동참해달라""
""민주화운동은 잊지 말아야 할 역사…5·18 정신 계승해야""
추경호 국민의힘 원내대표가 17일 오전 서울 여의도 국회에서 열린 원내대책회의에서 모두발언을 하고 있다. 2024.5.17/뉴스1 ⓒ News1 이광호 기자


(서울=뉴스1) 박기호 신윤하 기자 = 추경호 국민의힘 원내대표는 17일 22대 국회 전반기 국회의장 후보로 선출된 우원식 더불어민주당 의원을 향해 ""국회에서 여야 간 갈등과 투쟁보다는 대화, 타협을 통한 협치가 이뤄질 수 있게 가교 역할을 해주실 것으로 기대한다""고 밝혔다.

추 원내대표는 이날 오전 국회에서 열린 원내대책회의에서 ""우원식 국회의장 후보 선출에 환영한다""며 이같이 말했다.

과거 기획재정부 장관 시절 국회 예산결산특별위원장을 지낸 우 의원과 손발을 맞췄고 상임위원회에서 함께 활동했던 인연을 언급한 추 원내대표는 ""우 의원은 평소에도 존경하고 좋아하는 선배 의원으로 과거 (정치권의) 주요 고비마다 타협을 위해 애쓰시던 모습이 생생하다""고 전했다.

이어 ""지금 우리 국회는 산적한 민생 현안 해결이 급선무""라며 ""국회는 국민에 대한 무한책임을 진다는 자세로 임해야 한다는 데 이견이 없을 것""이라고 했다. 그는 ""국회란 대화하는 기류가 중요하고 여야 간 협상과 협의를 존중할 것이라는 우 의원의 말씀에 울림이 느껴지고 기대가 크다""고 했다.

법원이 전날 의료계가 낸 의대 증원 집행정지 신청을 기각한 데 대해선 ""정부가 추진해 온 의대 증원과 의료 개혁이 고비를 넘을 수 있는 계기가 됐다""고 평했다.

추 원내대표는 ""사법부 판단이 모든 문제를 해결할 수 있는 것은 아니지만 더 이상 국민들께서 혼란을 느끼시지 않도록 정부와 긴밀한 협조 체제를 이어가겠다""며 ""의료인 여러분께도 본연의 자리로 돌아와 주길 바란다고 호소드린다""고 했다.

그는 ""의료인의 요구가 반영될 수 있게 의료 개혁 특위에 동참해달라""며 ""의료인의 목소리를 담아내면서 의료 개혁이 성공적으로 추진될 수 있도록 당과 정부는 최선의 노력을 다할 것""이라고 했다.

하루 앞으로 다가온 5·18 민주화운동 44주기와 관련해선 ""5·18 민주화운동은 우리가 잊지 말아야 할 역사""라며 ""5·18 정신이 잘 계승될 수 있도록 국회 차원의 역할을 다할 것""이라고 약속했다.",2024.05.17. 오전 9:34,https://n.news.naver.com/mnews/article/421/0007544850,뉴스1
정치,"민주당 “‘라인야후 사태’ 국회 차원 항의 결의안 추진 예정”","더불어민주당이 ‘라인야후 사태’와 관련해 국회 차원에서 항의 결안안을 추진하기로 했습니다.

황정아 민주당 대변인은 오늘(17일) 민주당 최고위원회 뒤 기자들과 만나 “다음 주 국회 과학기술정보방송통신위원회에서 현안 질의를 할 예정”이라며 이같이 밝혔습니다.

아울러 ‘해병대원 특검법’에 대해 윤석열 대통령이 재의요구권(거부권)을 행사할 경우 22대 국회 민주당 당선인 전원이 시민사회와 공동으로 규탄대회를 준비할 예정이라고 설명했습니다.

지난 13일 박상우 국토부 장관이 ‘전세 사기 대책 관련 질의응답’에서 “그 전에는 전세를 얻는 젊은 분들이 덜렁덜렁 계약했던 부분이 있지 않을까 싶다”는 발언에 대해서는 “역대급 망언”이라고 비판했습니다.

황 대변인은 “사회적 재난임에도 불구하고 희생된 피해자에 대해서 일말의 책임감도 찾아볼 수 없는 망언이라고 생각한다”면서 “국토부 장관의 해명으로 끝나는 게 아니라 망언에 대한 대국민 사과, 사퇴 촉구까지 요청할 예정이다”고 말했습니다.
이어 국민의힘을 향해선 “‘전세 사기 피해자 특별지원법 개정안’ 수용을 요청하고 본회의에서 통과에 협조해 줄 것을 촉구할 예정”이라고 밝혔습니다.

■ 제보하기
▷ 전화 : 02-781-1234, 4444
▷ 이메일 : kbs1234@kbs.co.kr
▷ 카카오톡 : 'KBS제보' 검색, 채널 추가
▷ 네이버, 유튜브에서 KBS뉴스를 구독해주세요!",2024.05.17. 오전 9:57,https://n.news.naver.com/mnews/article/056/0011722921,KBS
정치,"이재명 ""기계적 중립 아닌 민심 중점"" 우원식 ""의장 권한 최대한 살릴 것""","이·우, 접견해 상호 동반자적 관계 강조…""사회개혁 가치 동반자""
우 ""기본사회 비전, 한국 미래 될 수 있게 지원 아끼지 않을 것""
이 ""당적 벗어나더라도 본래 지향과 가치 버리지 않을 것 확신""
[서울=뉴시스] 고승민 기자 = 더불어민주당 이재명 대표와 우원식 국회의장 후보가 16일 서울 여의도 국회에서 만나 손을 잡고 있다. 2024.05.16. kkssmm99@newsis.com


[서울=뉴시스]조재완 김경록 기자 = 이재명 더불어민주당 대표와 국회의장 후보로 선출된 우원식 의원이 16일 만나 상호동반자적 협력 관계를 강조했다.

우 의원은 ""국회가 민심에 맞지 않게 흘러간다면 국회의 대표로서 국회법이 규정하는 의장의 권한을 최대한 살려나가겠다""고 다짐했고, 이 대표는 ""기계적 중립이 아니라 민심과 민의를 중심에 둘 것으로 믿는다""고 화답했다.

이 대표와 우 의원은 이날 오후 국회 본청 당대표실에서 만나 이 같은 대화를 나눴다.

우 의원은 "" 22대 전반기 국회 2년동안 민주당과 국회가 국민의 삶을 책임지는 성과를 내는 것에 집중하고 늘 그래왔듯 이 대표와 긴밀히 소통하며 일을 해나갈 것""이라며 ""저는 민심을 받드는 의장이 돼서 민생국회, 개혁국회를 반드시 실천하겠다""고 포부를 밝혔다.

그는 ""지금 후보가 되면서부터 무엇이 국민에게 도움이 되는가, 어떤 것이 올바른 길인가에 기준을 두고 판단해 나가려 한다""며 ""그러나 민심에 맞지 않게 흘러간다면 국회의 대표로서 국회법이 규정하는 의장의 권한을 최대한 살려나가는 것도 한편으로 함께 하겠다""고 강조했다.

특히 이재명 대표의 대표 정책인 '기본사회 비전'에 대한 지원을 약속했다.

그는 ""이 대표가 함께 꿈꿔온 기본사회라는 비전이 대한민국의 미래될 수 있게 의장으로서 지원을 아끼지 않겠다""며""저도 기본사회 수석부위원장으로서 그동안 우리나라가 가야될 길은 모든 국민이 기본적 권리를 누릴 수 있는 사회라 생각하기 때문에 이 일을 손 놓고 있을 수 없다""고 힘줘 말했다.

그는 '명심 이변 논란'을 의식한 듯 ""이 대표의 대선 경선 선거대책위원장을 맡아 지금까지 사회경제 개혁 가치 동반자로서 함께 해왔는데 이번 의장 선거를 두고 명심과 당심을 부풀리는 기사가 많아 혼선이 있었다""고 말했다.

이어 ""명심과 당심은 민심과 연결돼 있고, 민심의 물꼬를 어떻게 트느냐가 우리에게 가장 중요한 과제였기 때문에 당선자과 국회의원 모두가 집중한 결과가 오늘의 결과""라고 설명했다.

그러면서 ""이런 논란은 민주당 화합에 도움이 되지 않고 저는 아직도 민주당 당원이기 때문에 우리 모두 민주당이란 사실에 변함이 없다는 말씀을 드리며 최선을 다해 맡겨진 일을 하겠다""고 다짐했다.

[서울=뉴시스] 고승민 기자 = 이재명 더불어민주당 대표가 16일 서울 여의도 국회에서 우원식 국회의장을 만나 인사말을 하고 있다. 2024.05.16. kkssmm99@newsis.com


이에 이 대표는 우 의원에게 축하 인사를 건네며 ""당내서 개혁적이고 진보적인 정책을 추진해왔다"", ""가장 현장에서 가까운 정치인""이라며 우 의원을 치켜세웠다.

그는 우 의원을 두고 ""생각도 저와 일치하는 부분이 많다""며 ""(우 의원은) 제가 중점을 두는 기본사회위 수석부위원장을 맡아 전국을 조직하고 정책을 확산하는 역할을 크게 했다""고 평가했다.

이어 ""민생의장과 개혁의장, 현장과 함께 하겠다는 말을 출마하면서 (우 의원이) 했던 것으로 안다""며 ""평소 가진 생각을 표현한 것 같다. 앞으로도 이 말씀에서 벗어나지 않을 것이란 확신을 가진다""고 말했다.

이 대표는 나아가 ""국정이 행정부에서 일방 폭주, 퇴행하며 국민의 삶이 무너지고 대한민국이 지금껏 만든 성과가 크게 훼손되는 마당""이라며 ""국회가 좀 더 전면에 나서서 3부의 축으로서 국정의 횡포와 역주행을 막고 국민의 뜻이 일상적으로 국정에 반영되도록 하는 민의의 전당 역할을 하는 데 우 후보가 충분히 아주 잘 역할을 수행해줄 것으로 확신한다""고 당부했다.

또 ""(우 의원이) 평소 이런 말을 한 것으로 안다. 정치는 약자의 가장 강한 무기이고 몸의 중심은 심장이 아닌 아픈 곳이라고 했다""며 ""말이 아니라 일상 속에서 정치 속에서 이 가치와 신념의 실현을 위해 애써온 것이 분명하기 때문에 민주당의 당적을 벗어나 국회의장으로서 대한민국의 국회를 이끄는 중요한 역할을 중립적으로 맡게 되더라도 가지고 있던 본래 지향과 가치를 결코 버리지 않을 것으로 확신한다""고 했다.

그러면서 ""국민의 삶이 매우 심한 위기에 처해있는데 이 엄혹한 환경에서 국민에게 희망을 만들어주고 국가의 미래도 개척해줄 것으로 기대한다""고 했다.

우 의원은 같은날 오전 열린 의원총회에서 당초 유력 후보로 예상된 6선 추미애 의원을 제치고 민주당 국회의장 후보로 선출됐다. '명심'을 앞세운 추 의원을 누르고 우 의원이 당선되자 정치권에선 이변이란 반응이 쏟아졌다．",2024.05.16. 오후 5:21,https://n.news.naver.com/mnews/article/003/0012550031,뉴시스
정치,"조국 ""'7포인트' 개헌 제안…尹 명예롭게 임기 단축하라""","대통령 4년 중임제 개헌, 검사 영장 신청권 삭제 등 제안
""尹 임기단축 받아들이면 헌법 바꾸는 데 기여한 대통령으로 남아""
""검찰 입맛 맞게 인신 구속하고 정치적으로 이용 못하게 해야""
조국혁신당 조국 대표가 발언을 하고 있다. 윤창원 기자

조국혁신당 조국 대표는 17일 '세븐(7) 포인트', 즉 대통령 4년 중임제 등 최소한의 7가지 사항을 개헌안에 담자며 윤석열 대통령에게 ""명예롭게 임기를 단축하도록 동의하라""고 요구했다.

조 대표는 이날 오전 국회 소통관에서 기자회견을 열고 ""7공화국 개헌에 반드시 담아야 할 최소한의 개정사항 7가지를 제시한다""며 이같이 말했다.

조 대표가 제시한 '세븐 포인트'는 △부마 민주항쟁, 5.18 민주화운동, 6.10 민주항쟁의 헌법 전문 수록 △'수도는 법률로 정한다'는 조항 신설 △대통령 4년 중임제 개헌 △검사 영장 신청권 삭제 △사회권 강화 일반 조항 신설 △동일가치 노동, 동일수준 임금 명문화 △토지공개념 강화다.

윤석열 대통령과 훈 마넷 캄보디아 총리가 16일 서울 용산 대통령실 청사에서 열린 한·캄보디아 정상회담에서 기념촬영 뒤 자리로 향하고 있다. 연합뉴스

특히 4년 중임제 개헌에 대해 조 대표는 ""대통령 선거와 지방선거를 같이 하는 것이 맞고, 그 전에 국민투표를 하는 것이 맞다고 보는데 개헌특위에서 논의할 수 있다""며 ""윤석열 대통령께서 명예롭게 자신의 임기를 단축하도록 동의한다면 국정운영의 실패·비리·무능·무책임에도 불구하고 헌법을 바꿨다는 점에 있어서 기여한 대통령으로 역사에 남을 것""이라고 강조했다.

같은 당 박은정 당선인은 이른바 '검수완박(검찰 수사권 완전 박탈)'을 연상케 하는 영장신청권 삭제에 대해 ""검찰의 권한 남용을 막기 위해서는 수사권과 기소권을 분리하는 동시에, 검찰의 입맛에 따라 인신을 구속하고 이를 정치적으로 이용하지 못하게 해야 한다""며 ""검사만이 영장청구권을 가진다면 헌법의 근거조항을 개정해야 한다. 인신을 구속하는 영장청구권이 민주적으로 통제되고 국민들의 감시를 받아서 남용을 막는 하나의 수단이 될 수 있다고 생각한다""고 말했다.

조 대표는 더불어민주당 윤호중 의원 등이 대통령 거부권 제한 등을 위한 '원 포인트 개헌'을 제안하는 데 대해서는 ""개헌을 한다고 하면 나라 전체를 바꾸고 국민투표도 해야 하는데, 거부권 제한 한 가지만 갖고 개헌을 하면 동원될 국력이 아깝지 않겠나""며 ""개헌해야 할 사항이 한두 개가 아니고, 우리 당 입장에선 최소 7개를 뽑았다""고 설명했다.



※CBS노컷뉴스는 여러분의 제보로 함께 세상을 바꿉니다. 각종 비리와 부당대우, 사건사고와 미담 등 모든 얘깃거리를 알려주세요.
이메일 : jebo@cbs.co.kr
카카오톡 : @노컷뉴스
사이트 : https://url.kr/b71afn",2024.05.17. 오전 10:24,https://n.news.naver.com/mnews/article/079/0003895942,노컷뉴스
정치,"與, 5·18 단체 만나 ""개헌 통해 5월 정신 담아내겠다""","국민의힘 지도부는 5·18 민주화운동 44주년을 이틀 앞두고, 관련 단체들과 간담회를 열어 5·18 정신의 헌법 전문 수록을 위한 개헌 찬성 입장을 강조했습니다.

황우여 비상대책위원장은 당이 지난 총선에서도 5·18 정신 헌법 전문 수록을 공약으로 발표했고, 여건이 무르익으면 여야 간 초당적 협의를 토대로 개헌을 통해 반드시 담아내야 한다고 강조한 바 있다며 이같이 밝혔습니다.

추경호 원내대표도 5·18 민주화 운동의 역사적 의미를 훼손하는 어떠한 발언에도 동의하지 않는다며, 앞으로도 자유와 인권의 5·18 정신이 이어지도록 노력하겠다고 덧붙였습니다.

※ '당신의 제보가 뉴스가 됩니다'
[카카오톡] YTN 검색해 채널 추가
[전화] 02-398-8585
[메일] social@ytn.co.kr",2024.05.16. 오후 4:03,https://n.news.naver.com/mnews/article/052/0002036197,YTN
정치,"文 ""김정은·트럼프 솔직해서 좋았다… 아베는 '속 알 수 없는 사람'","회고록 '변방에서 중심으로' 발간
""김정은, 美와 대화 경험 없어 고충 털어놔""
""트럼프, 직접 '최상의 케미' 수차례 강조""
""아베, 만나면 좋은 얼굴 돌아서면 진전 없어""
문재인(오른쪽) 전 대통령과 김정은(왼쪽) 북한 국무위원장, 도널드 트럼프 전 미국 대통령이 2019년 6월 30일 판문점 자유의집 앞에서 만나 나란히 걸어가고 있다. 판문점=AP 연합뉴스


문재인 전 대통령의 회고록이 17일 출간됐다. 외교·안보를 중심으로 한 주요 정책 결정, 그 과정에서의 급박했던 국제 정세, 해외 정상들과 만났던 소회 등을 담았다. 특히 문 전 대통령은 재임 당시 남북정상회담의 당사자이자 북미정상회담의 중재자로서 만난 김정은 북한 국무위원장과 도널드 트럼프 전 미국 대통령에 대한 일화들, 힘겨루기를 펼쳤던 아베 신조 전 일본 총리에 대한 인상평을 남겨 눈길을 끌었다.

문재인 전 대통령 회고록 '변방에서 중심으로'의 책 표지. 교보문고


문 전 대통령은 먼저 김 위원장과 관련해 ""내게 보여준 김 위원장의 모습은 매우 솔직했다""고 회상했다. 그 이유로는 ""(김 위원장이) 미국과 처음으로 정상회담을 하는 것에 대한 기대와 함께 아무런 경험이 없다는 것에 대한 걱정도 이야기했다""며 ""어떻게 접근하면 좋을지 질문이 많았다""고 설명했다.

트럼프 전 대통령에 대해서도 ""솔직해서 좋았다""고 했다. 문 전 대통령은 ""트럼프 대통령 스스로 '문 대통령과 최상의 케미(호흡·성향)라고 여러 번 얘기할 정도""라며 서로 쿵짝이 잘 맞았다는 점을 강조했다. 이어 ""무례하고 거칠다는 평가도 있지만, 나는 그가 솔직해서 좋았다""며 ""웃는 얼굴을 하지만 행동은 달라서 속을 알 수 없는 사람이 오히려 상대하기 힘들다""고 털어놓기도 했다.

2019년 4월 미국 워싱턴 백악관에서 열린 미일정상회담에 앞서 도널드 트럼프(오른쪽) 당시 미국 대통령과 아베 신조 일본 총리가 웃으며 취재진의 질문에 답하고 있다. 워싱턴=AP 연합뉴스


바로 그 '속을 알 수 없는 사람'의 대표 사례가 아베 전 일본 총리였다. 문 전 대통령은 ""아베 총리는 만나는 순간에는 좋은 얼굴로 부드럽게 말하지만, 돌아서면 전혀 진전이 없었다""고 당시를 떠올렸다. 문 전 대통령은 재임 후반기 수출규제와 강제징용 문제로 일본과 대립각을 세웠다. 회고록에는 당시 우리 정부가 여러 해법을 제시했지만, 일본 총리실에서 모든 방안을 거부했다는 사실도 최초로 공개했다.

문 전 대통령은 재임 기간 김 위원장과 3번의 남북정상회담(2018년 4·5·9월)을 가졌고, 트럼프 전 대통령과 수차례의 한미정상회담을 했다. 싱가포르(2018년 6월)와 하노이(2019년 2월)에서 열린 두 번의 북미정상회담과 남북미 판문점회동(2019년 6월) 때는 북미를 잇는 중재자 역할을 했다.",2024.05.17. 오후 2:51,https://n.news.naver.com/mnews/article/469/0000801862,한국일보
정치,"추경호, '채상병 특검' 거부 전체 당론 입장 변화 없어""","""국회부의장 선출 일정, 시간 두고 정황 보겠다""
조국 '4년 중임제' 개헌 시사엔 ""개원 후 입장 정할 것""
추경호 국민의힘 원내대표가 17일 오전 서울 여의도 국회에서 열린 원내대책회의에서 발언하고 있다. [사진=곽영래 기자]


추경호 국민의힘 원내대표는 16일 '채상병 특검법' 국회 재표결 시 당 내 이탈표가 발생할 가능성에 대해 ""의원 전체가 당론을 지키는 데 입장 변화가 없고, 다수 의원들도 공감하고 있다""고 일축했다.

추 원내대표는 이날 오전 국회에서 열린 원내대책회의 직후 기자들과 만나 ""대부분의 의원들이 우리 당의 기본 입장에 변화 없이 함께하고 있다""며 이같이 밝혔다.

그는 ""공개적으로 (찬성을) 이야기하시는 분들과 관련해서도 대화를 할 예정""이라며 ""(의원들은) 당 지도부와 늘 함께할 것""이라고 강조했다. 현재 당 내에선 김웅, 안철수 의원 등이 채상병 특검에 대해 재표결 시 찬성표를 던지겠다고 공식화 한 상황이다.

추 원내대표는 국민의힘 몫의 국회부의장 선출에 대해선 ""아직 일정에 관해 특별히 생각하고 있지는 않다""며 ""후보군들이 구체적인 말씀이 없고 간접적으로 얘기만 듣는 상황이라, 시간을 두고 정황을 보겠다""고 했다.

민주당과의 상임위원장 배분 협상을 두고도 ""여야 간 협치가 사라지면 대립과 갈등만 증폭될 것""이라며 ""그런 모습은 국민들이 결코 원하는 모습이 아니라고 본다""고 했다. 그러면서 ""야당, 원내대표단과 계속 대화하고 협의하겠다""고 강조했다.

조국 조국혁신당 대표가 대통령 4년 중임제 등 개헌 요구를 꺼내든 것과 관련해서는 ""국가 거버넌스에 관한 문제는 여러 논의가 있을 수 있어, 당 내 말을 들어보고 개원 후에 정확한 입장을 정하겠다""고 밝혔다.",2024.05.17. 오전 10:28,https://n.news.naver.com/mnews/article/031/0000837327,아이뉴스24
정치,"한·캄보디아, 전략적 동반자 관계로… 尹 정상 외교 재개 시동","한·캄보디아 정상회담… 협력 관계 발전
韓 기업 '특별경제구역' 제안 비롯 포괄 협력
월말부터 한중일·평화 정상회의 등 외교 일정
윤석열 대통령이 16일 용산 대통령실 청사에서 열린 한·캄보디아 정상회담에서 훈 마넷 캄보디아 총리와 기념 촬영을 하고 있다.


윤석열 대통령과 훈 마넷 캄보디아 총리가 16일 정상회담을 갖고 양국 재수교 27년 만에 '전략적 동반자 관계' 정립에 합의했다. 양측은 한국 기업을 위한 특별경제구역(SEZ) 설정을 모색하는 등 안보·국방·경제·개발 등 다방면에서 협력 확대 방안을 논의했다. 윤 대통령은 이번 회담을 시작으로 올해 초부터 숨고르기에 들어갔던 정상 외교를 본격 재개할 전망이다.

27년 만의 '전략적 동반자 관계' 담은 공동성명 발표


윤 대통령과 훈 마넷 총리는 이날 용산 대통령실에서 정상회담을 열고 '한국-캄보디아 전략적 동반자 관계 수립에 관한 공동성명'을 채택했다. 한국과 캄보디아는 1997년 재수교한 이래 교류를 이어왔지만, 양자 간 특별관계에 대한 명칭을 부여하진 않았다. 김태효 국가안보실 1차장은 ""새로운 전략적 동반자 관계를 기점으로 정치·국방·외교·경제·금융·사회·문화·기후변화·환경 이슈를 망라한 포괄적 협력 관계를 발전시켜나가기로 합의했다""고 밝혔다.

공동성명엔 △한·캄보디아 공동위원회 정례화 △하반기 중 한국 해군 함정의 캄보디아 최초 기항 추진 △캄보디아개발위원회(CDC)·주캄보디아 대사관 간 정례협의체 신설 △SEZ 설정을 위한 협력 환경을 조성 등 내용이 포함됐다.

회담을 계기로 '2022년-2026년 대외경제협력기금(EDCF) 차관에 관한 기본약정의 개정의정서'도 체결됐다. 기간을 2022~2030년으로 늘리고, 가용 금액은 15억 달러에서 30억 달러로 증액하는 내용이다. 이 외에 △투자 협력에 관한 양해각서(MOU) △지식재산분야 심화 협력에 관한 MOU △마약류 단속에 대한 상호협력 강화 의향서 △산업인재 양성 프로그램에 관한 MOU △지방도로사업 4차 대외경제협력기금 차관 계약 등 5개 문서가 체결됐다.

이번 회담은 올해 아세안(ASEAN·동남아시아국가연합) 상대 정상외교의 출발점이라는 의미도 갖는다. 10월 우리나라에서 개최 예정인 한·아세안 정상회의에서는 아세안이 상대국과 맺는 최상위 관계인 '포괄적 전략 동반자 관계' 격상이 추진된다. 훈 마넷 총리는 한국의 인도·태평양 전략과 한·아세안 연대구상(KASI) 및 올해 한·아세안 '포괄적 전략 동반자 관계' 격상에 대해 지지 의사를 밝혔다. 또 북한의 유엔 안전보장이사회 결의 준수 촉구 및 한국의 '담대한 구상' 전략에 대한 지지 의사도 거듭 표명했다.

한중일, 아프리카, 나토… 외교 일정 이어질 듯


윤 대통령은 올해 들어 해외 순방을 한 차례도 나가지 않았다. 지난해 12월까지 13차례 순방을 다닌 것과 대조적이다. 올해 2월 독일·덴마크 순방이 잡혀 있었지만 의료계 집단행동 사태와 4월 총선을 앞둔 정치적 부담 등을 감안해 일정을 순연했다. 총선 이후엔 방한한 루마니아·앙골라 대통령과 한국에서 정상회담을 진행했다.

잠잠했던 외교 일정은 이달부터 본격 재개될 전망이다. 당장 한중일 정상회의가 26, 27일 서울 개최로 조율 중이다. ""자유무역 추진을 골자로 하는 공동성명을 추진 중""이라는 보도가 일본 언론에서 나오는 등 구체적인 회담 의제도 거론되는 단계다. 이에 대해 대통령실 고위 관계자는 ""3국 경제 체제가 다르다. 기업들이 안심하고 활동할 수 있도록 환경을 만들어주는 것이 3국의 의무이기도 하다""면서도 ""어떻게 협의를 할지는 초기 단계""라고 설명했다. 이어 내달 4, 5일 한국에서 한·아프리카 정상회의가 열린다.

해외 순방 일정도 재개될 전망이다. 볼로디미르 젤렌스키 우크라이나 대통령이 윤 대통령을 6월 중순 스위스에서 열릴 예정인 우크라이나 평화 정상회의에 초청했고, 7월 미국 워싱턴에서 열리는 북대서양조약기구(NATO·나토) 정상회의도 있다.",2024.05.16. 오후 7:01,https://n.news.naver.com/mnews/article/469/0000801738,한국일보
정치,"민주, 의장 경선 '여진'...우원식 ""갈라치기"" vs 정청래 ""오해 푸시길""","추미애 패배에 강성 당원 반발 이어져
더불어민주당이 22대 국회전반기 의장 경선 결과와 관련해 당내 후폭풍이 계속되는 모습입니다.
사진=연합뉴스

우원식 의원이 의장 후보로 선출되며 추미에 당선인이 이른바 '명심'을 등에 업고 승리할 것이란 관측이 엇나가자 당원들의 반발이 이어지고 있습니다.

정치권에 따르면 오늘(17일) 민주당 당원 게시판과 이재명 대표 팬카페 등에는 투표 명단 공개 요구, 탈당 시사 등의 글이 잇따르고 있습니다.

이에 정청래 최고위원은 이날 국회에서 열린 최고위원회의에서 의장 후보 경선 결과를 두고 ""상처받은 당원과 지지자들에게 미안하다""고 말했습니다.

그러면서 ""지도부는 당원이 주인이 되는 정당의 건설을 위해 노력했다""며 ""역사는 항상 앞으로만 전진하지는 않는다""고도 했습니다.

앞서 정 최고위원은 어제(16일)도 SNS에 ""당원이 주인인 정당, 아직도 갈 길이 멀다""고 쓴 바 있습니다.

이에 우 의원은 오늘(17일) MBC라디오 '김종배의 시선집중'에 나와 ""최고위원은 책임 있는 국회의원인데 그렇게 말하는 건 적절치 않다""며 불쾌한 기색을 보였습니다.

우 의원은 ""총선 당선자들의 판단과 당원을 분리하고 갈라치기 하려는 것 아닌가""라며 ""수석 최고위원으로서 아주 부적절한 발언""이라고 비판했습니다.

이후 정 최고의원은 오늘(17일) SNS에 ""제 뜻은 그게 아닙니다""라는 글을 올렸습니다.

정 최고위원은 ""당심(당원들의 마음)과 의심(국회의원들의 마음)의 차이가 너무 멀었고, 실망하고 분노한 당원들이 실재한다""며 ""누구라도 나서서 위로하고 간극을 메워야 하는 노력이 필요하지 않겠나. 그 노력을 제가 자임한 것""이라고 밝혔습니다.

그러면서 ""갈라치기할 의도도 마음도 손톱만큼도 상상한 적이 없다""며 ""신임 의장 후보자께서도 이 점을 헤아려주시고 당원과 지지자들의 바람대로 잘 해주면 된다. 오해는 푸시길 부탁드린다""고 덧붙였습니다.",2024.05.17. 오후 1:30,https://n.news.naver.com/mnews/article/057/0001818218,MBN
정치,"우원식 “국회 빠른 속도 개원…6월 중 상임위 배분 끝내야”","제22대 국회 전반기 의장 후보로 선출된 우원식 더불어민주당 의원이 “절차대로 국회를 빠른 속도로 개원하겠다”는 뜻을 밝혔습니다.

우 의원은 오늘(17일) MBC 라디오 ‘김종배의 시선집중’에 출연해 “국회를 빠른 속도로 개원해 국민을 위해서 일할 수 있도록 하는 게 국회의장이 해야될 일이라고 생각한다”고 말했습니다.

우 의원은 ‘개원 협상이 지지부진하다면 6월 중 의장으로서 권한을 발동해 상임위 배분을 끝낼 생각이냐, 데드라인(한계)이 있냐’는 사회자 질문에는 “6월 중으로 끝내야 되지 않겠나”라고 답했습니다.

또 ‘만약 법안이 법사위에서 가로막혀 상임위에서 본회의로 직회부되는 경우, 모두 상정할 것이냐’는 질문에 “기준이 명확하다”며 “그런 법안들이 국민에게 이득이 되느냐, 국민의 권리를 지키느냐, 그걸 기준으로 봐야 되는 것”이라고 밝혔습니다.

우 의원은 CBS 라디오 ‘김현정의 뉴스쇼’에 출연해서도 “협의와 협치가 필요하다고 생각한다”면서도 “국회의장은 그냥 단순한 사회자가 아니다”라고 강조했습니다.

그러면서 “중립이라고 하는 것은 아무 가치가 없는 게 아니고, 양쪽이 합의가 안 되면 아무것도 안 한다, 이런 게 아니라고 생각한다”고 강조했습니다.

우 의원은 “과거 우리 국회의장들께서 합의가 안 되면 아무것도 안 하겠다, 이런 느낌을 유권자, 국민들에게 느끼게 했던 것 같다”며 “국민의 요구를 어떻게 하면 제대로 반영해 나갈 것인가 그거를 고민하고 활동해 나가겠다”고 설명했습니다.

[사진 출처 : 연합뉴스]

■ 제보하기
▷ 전화 : 02-781-1234, 4444
▷ 이메일 : kbs1234@kbs.co.kr
▷ 카카오톡 : 'KBS제보' 검색, 채널 추가
▷ 네이버, 유튜브에서 KBS뉴스를 구독해주세요!",2024.05.17. 오전 11:13,https://n.news.naver.com/mnews/article/056/0011722996,KBS
정치,"여야, 오동운 공수처장 후보자에 '아빠찬스', '남편찬스' 질타","吳 '딸 부동산 편법 증여'에 ""절세 맞다""…'배우자 기사 채용'엔 ""한 사람 직무 했다""

여야가 오동운 고위공직자범죄수사처장 후보자에 대한 국회 인사청문회에서 '딸 부동산 편법 증여', '배우자 운전기사 채용' 등 가족 관련 의혹을 한목소리로 질타했다. 특히 여당인 국민의힘 의원들도 대통령이 지명한 오 후보자의 도덕성 문제를 파고들어 눈길을 끌었다. 오 후보자는 '편법 증여'에 대해서는 ""절세"" 목적으로 한 일이라고 인정했고, '운전기사 채용'에 대해서는 배우자가 ""한 사람 분의 직무""를 했다고 해명했다.

국민의힘 박형수 의원은 17일 국회 법제사법위원회에서 열린 오 후보자 인사청문회에서 ""많은 언론, 국민들께서 후보자의 '아빠찬스', '남편찬스'에 대해 굉장히 큰 분노를 하고 계신다""며 ""일단 배우자 명의로 돼 있던 땅을 딸에게 매매한 과정에 대해 묻겠다. 아버지가 딸한테 돈을 빌려주고 딸은 그 돈을 갖고 엄마 땅을 샀다. 왜 이렇게 이상한 거래를 하나? 딸한테 어머니 명의로 된 땅을 증여하면 되지 않나?""라고 따져물었다.

오 후보자는 ""딸 부동산 취득과 관련해 국민 여러분께 심려를 끼쳐드린 점에 대해 매우 송구하게 생각한다""면서도 ""6억 정도로 평가한 그 삼성동 주택에 대해 제3자한테 매매를 했는데 가계약 상태에서 파기되는 급박한 상태가 벌어졌고, 2020년 9월 초 관리처분계획이 나서 사실상 매매가 불가능한 상황이 있었다. 그런 급박한 상황에서 딸에게 매매가 이뤄졌다""고 답했다.

박 의원은 이에 ""아니, 그게 왜 급박한 상황인가? 꼭 그걸 매매해야 되나? 갖고 있으면 되지 않나? 다른 사람한테 팔아야지 가족한테 팔 이유가 없지 않나?""라고 지적하며 ""다시 한 번 곰곰이 생각하고 국민들께서 납득할 수 있는 답변을 하시라""고 질타했다. 이어 ""아빠 돈을 빌려 엄마 땅을 사는 이상한 거래를 한 이유가 증여세를 절감하기 위한 것으로 보이는데 맞나?""라고 재차 물었다.

오 후보자는 ""여러 부담이 있는 상황에서 합리적인 거래로 세무사가 그렇게 자문을 해 따랐다""고 시인했다.

박 의원은 ""합리적인 거래가 아니라 세무사가 이렇게 하면 절세를 할 수 있다고 이야기를 했을 것""이라며 ""솔직하게 국민들께 이야기하고 양해를 구해야지 세무사가 합리적인 방법으로 충고를 해 그랬다고 하면 국민들께서 납득하시겠나?""라고 꼬집었다.

오 후보자는 ""절세가 이뤄진 부분에 대해서는 국민 눈높이에 맞지 않는 점에 대해 사죄하는 바""라고 했다.

박 의원은 오 후보자가 법무법인 근무 시절 배우자를 운전기사 등으로 채용해 법인으로부터 5년 간 2억 원가량의 급여를 받은 일에 대해서도 ""후보자가 자료를 내지 않고 있다. 반드시 내야 한다""며 ""만약 근무하지 않았는데 근무한 것처럼 법무법인을 속여 급여를 받았다면 사기죄""라고 쏘아붙였다.

오 후보자는 ""국민 눈높이에 맞지 않는 부분에 관해 굉장히 송구하게 생각한다""면서도 ""(배우자가) 한 사람 분의 직무를 수행한 것은 틀림없는 사실""이라고 주장했다.

국민의힘 김미애 의원도 '딸 부동산 편법 증여'와 관련 ""탈법과 적법의 경계를 오락가락한 것으로 상당히 좀 유능하신 것 같다""며 ""각종 세무위원회 활동도 많이 하셨다. 모든 지식을 동원해 가족 재산 증식, 절세에 활용한 것 아닌가 이런 의혹을 국민들이 갖기에 충분해 보인다""고 비판했다. 이어 부동산 증여 당시 딸의 나이와 실거주 여부를 캐물으며 ""입증할 관련 자료를 제출해 달라""고 압박했다.

오 후보자는 당시 딸이 ""대학교 2학년""이었다며 ""그 건물을 매수하면서 전입해 1년 동안 살다 전출했다""고 답변했다.

더불어민주당 박범계 의원은 오 후보자의 가족 관련 의혹을 언급한 뒤 ""법에 대한 접근이 상당히 기술적이고 불법과 탈법 그 어중간한 지점에 있다""고 비판했다. 오 후보자는 ""가족과 관련해, 부동산과 관련해 적절하게 처신하지 못한 점에 대해 송구하게 생각한다""고 했다.

민주당 박주민 의원도 '배우자 운전기사 채용'과 관련 ""여러 의혹이 제기되고 있다""며 ""혹자는 후보자의 월급이 높아지자 세율을 낮추기 위해 배우자에게 본인이 받을 월급을 나눠 지급한 것 아니냐 혹은 경력이 없는 사람을 배우자라는 이유로 채용 특혜를 준 것 아니냐는 의혹도 제기되고 있는 상황""이라고 했다.

이어 ""오 후보자가 지금까지 제대로된 자료를 제출하지 않고 있다. 채용 당시 채용 공고도 없다. 배우자의 이력서도 없다. 출퇴근 기록도 없다""며 ""실제 (배우자가) 운전직을 수행했는지 입증하기 위해 후보자의 운전면허 운행 일지, 운전면처 최초 취득일 이런 것들을 다 요구했지만 개인정보라면서 제출하지 못한다고 답변하고 있다""고 비판했다.

여야는 이날 오 후보자를 사이에 두고 채상병 사망사건 수사외압 의혹 특검에 대한 공방도 벌였다.

민주당 송기헌 의원은 ""공수처가 (채상병 사건을) 제대로 수사하냐, 하지 않냐 하는 점은 정말 필요할 때 대통령에 대한 조사를 직접 할 것이냐, 필요한 일이 있을 때 대통령실에 대한 압수수색을 과감하고 신속하게 할 것이냐가 판단 기준이 될 것""이라며 그렇지 않으면 ""결국 특검으로 갈 것이고 공수처의 존재 의미가 없어질 것""이라고 주장했다.

반면 국민의힘 장동혁 의원은 ""해병대원 순직 사건을 공수처가 수사하고 있고 아직 결과가 나오지도 않았고, 오 후보자께서는 필요하다면 대통령 소환조사와 대통령실 압수수색까지 하겠다는 의지와 신속하고 철저한 수사 의지를 밝히고 있다""며 ""그렇다면 이 사건에 특검이 왜 필요한가""라고 했다.

오 후보자는 채상병 특검과 관련해서는 ""입법부에서 현명하게 결정하실 것""이라며 ""공수처장이 되면, 입법부의 결정이 무엇이든 법과 원칙에 따라 수사를 진행할 것""이라고 원론적 입장만 밝혔다.

▲오동운 고위공직자범죄수사처장 후보자가 17일 오전 서울 여의도 국회 법제사법위원회에서 열린 인사청문회에서 위원의 질의에 답하고 있다. ⓒ연합뉴스",2024.05.17. 오후 3:03,https://n.news.naver.com/mnews/article/002/0002332052,프레시안
정치,"‘총선 패장’ 정영환 “국민이 6석 더 줘”···이철규 “책임 묻진 말자”","정영환 국민의힘 전 공천관리위원장이 17일 국회에서 열린 전체회의에서 발언하고 있다. 박민규 선임기자


정영환 전 국민의힘 공천관리위원장은 17일 총선 결과에 대해 “현명한 주권자 국민들께서 2020년 제21대 총선보다 이번 22대 총선에서 (국민의힘에) 6석을 더 주셨다”고 평가했다. 공천관리위원을 맡았던 이철규 의원도 “총선백서가 누구를 공격하고 누구의 책임을 묻는 건 (목적이) 아니라고 생각한다”고 주장했다. 총선 패배 책임을 회피하려는 발언으로도 풀이된다.

정 전 위원장은 이날 국회에서 열린 국민의힘 총선백서특위 공천평가 회의에 참석해 “주권자인 국민들께서 많이 성원해주셨는데 저희들이 국민들의 세심한 마음을 읽지 못해 패배하게 됐다”면서도 지역구 의석 수로는 4년 전 총선(84석)보다 6석을 더 얻었다는 점을 강조했다. 국민의힘은 이번 총선에서 의석 수는 소폭 늘었지만 집권여당으로 치렀다는 점에서 사실상 참패했다는 평가를 받고 있다.

정 전 위원장은 “주권자 국민들께서 이번 총선을 통해서 국민의힘에 엄중한 심판을 하시면서도 희망의 그루터기를 주셨다. 그 점에 깊이 감사드린다”고 말했다. 그는 이날 공천평가 회의에 참석한 것에 대해서는 “이번 간담회를 통해 총선 패배 원인을 분석할 것”이라며 “누구의 잘잘못이 아니고 시스템 개선에 집중하는 계기가 되길 간절히 소망한다”고 했다. 공천 결과의 책임소재를 따지는 것이 아니라 시스템 공천을 발전시키자는 계기로 만들자는 뜻을 강조한 것으로 풀이된다. 정 전 위원장은 공천 과정이 만장일치로 이뤄져 자율성을 보장했고, 시스템 공천의 기초를 다졌고 자평했다.

앞서 정 전 위원장은 당사 앞에서 기자들과 만난 자리에서도 총선 패배 원인을 공천이 아닌 다른 곳에서 찾았다. 그는 “윤 대통령도 나름대로, 한동훈 위원장도 나름 열심히 했다”며 “야당이 큰 프레임을 잘 건 것”이라고 말했다. 장예찬 전 후보의 공천을 취소했던 것을 두고는 “사안 전체를 보면 중요한 건 아니고 유튜버로서 흥미를 위해 자극적인 얘기를 쓴 것”이라며 “기자들이 기분 나쁘게 생각하는 것 같다. (장 전 후보가) 고졸인데 젊은 나이에 (공천을 받아서)”라고 주장했다.

공관위원이었던 이철규 의원은 “공천한 후보들이 당선되지 못하고 낙선의 아픔을 겪은 것에 대해 마음이 아프고 무거운 책임감을 느낀다”면서도 “오늘만큼은 누구에게 득이 되고 해가 되는 평가가 아니라 오로지 이 과정에서 있던 일들을 객관적 기술 자료를 제공하는 것으로 제 역할을 다하고자 한다”고 말했다. 이 의원 역시 백서특위의 활동에 대해 “한 가지 아쉬운 건 총선백서가 누구를 공격하고 누구의 책임을 묻는 게 (목적이) 아니라고 생각한다”고 강조했다.

국민의힘은 이번 공천 처음부터 끝까지 ‘친윤불패’ 기조가 이어졌다는 비판을 받은 바 있다. ‘찐윤’ 이철규·이용·박성민 의원은 물론 원조 ‘윤핵관’(윤 대통령 측 핵심 관계자) 권성동·정진석·윤한홍 의원, 홍위병이라는 비판을 받았던 친윤 초선 배현진·박수영·유상범·강민국 의원 등이 모두 공천을 받았다. 상대적 표밭에 공천을 받은 이들은 정진석·이용 의원을 제외하고는 모두 당선됐다.",2024.05.17. 오후 3:02,https://n.news.naver.com/mnews/article/032/0003296784,경향신문
정치,"국힘 주류와 비주류가 전당대회 룰 놓고 싸우는 이유","황우여 국민의힘 비상대책위원장이 지난 5월 13일 서울 여의도 국민의힘 당사에서 열린 제1차 비상대책위원회의에서 인사말을 하고 있다. photo 뉴시스


지난 4·10 총선이 끝난 뒤 여야 모두 신임 원내대표를 선출하며 22대 국회를 준비하고 있다. 원내 지도부 구성은 마쳤지만 원외 조직까지 아울러야 하는 당 대표 선출 전당대회를 앞두고 선출 방식에 대한 논쟁이 뜨거워지고 있다.

이재명 대표의 연임 가능성에 무게가 쏠리고 있는 더불어민주당과 달리 여당인 국민의힘에선 차기 당 대표를 '당원투표 100%'로 선출하는 게 맞느냐는 문제가 화두다. '당원투표 100%' 룰은 지난해 3월 당시 김기현 대표 선출 과정에서 적용됐다.

국민의힘 내부에서는 '당 대표를 오롯이 당원들의 의견으로 뽑는 게 맞다'는 의견과 '여론을 반영해서 뽑아야 한다'는 입장으로 나뉘고 있다. '당원투표 100%' 룰은 특정 후보가 당내 입지를 얼마나 굳혔느냐에 따라 절대우위를 선점할 수도 있고, 당의 실권을 쥐고 있는 세력이나 현직 대통령 등의 의중이 반영된 결과를 낳을 수도 있다. 하지만 일반 유권자를 제외한 당원투표 방식을 취하게 되면 민심과의 괴리가 더 커질 수 있다는 우려가 공존한다. 총선 참패 성적을 받아든 국민의힘으로선 여러 가지를 고민할 수밖에 없는 사안이다.

국민의힘과 그 전신인 보수정당들의 전당대회 역사를 보면, 당 대표 선출에 여론조사를 반영하기 시작한 것은 2004년이 처음이었다. 당시 한나라당 6차 전당대회에서 처음으로 여론조사 50%와 대의원 투표 50%를 합산해 당 대표를 선출했다. 이때 박근혜 의원은 국민 여론조사와 선거인단 투표에서 모두 압도적 지지를 받고 총 득표율 51.8%로 당 대표가 됐다.

당시 박근혜 의원은 5선의 중진 의원으로서 당내 주목을 받고 있었고 노무현 전 대통령 탄핵 국면의 역풍을 맞은 한나라당의 구원투수라는 평가를 받았다. 인물에 대한 집중도가 높았기 때문에 전당대회 결과 역시 압도적이었다는 분석이 나오기도 했다.

이렇듯 전당대회는 기본적으로 당시 정치 상황에서 주목을 받는 인물에게 표가 기울기 마련이다. 여야에서 줄곧 적용해온 여론조사 30% 반영 룰을 놓고 여권 한 관계자는 ""사실상 흐름에 큰 영향을 미칠 수준이 아니다"" ""이미 한 인물로 분위기가 형성된 상태에서는 국민 정서를 반영한다는 것은 일종의 액션에 지나지 않는다""고 평가했다.

또 다른 정치권 관계자도 ""(국민의힘은) 다시 영남권 인사들이 패권을 쥐고 있고, 상대적으로 수도권 인사들의 숫자가 적다""면서 ""여론조사 30% 정도 반영하는 건 별로 영향이 없을 것 같다""고 말했다. 그러면서 ""지난 총선에서 국민의힘이 민심과 너무 괴리돼 있다는 걸 느꼈기 때문에 전당대회 룰은 50 대 50으로 결국 가게 될 것""이라고 내다봤다.

국민의힘 김민전 당선인은 전당대회에서 여론조사를 반영할 경우 역선택에 대한 우려가 크다는 지적도 내놨다. 김 당선인은 최근 자신의 페이스북에서 ""여론조사에서 자신의 나이나 지지정당과 관련해 진심이 아닌 대답을 하는 전략적 응답자들도 늘고 있는 상황임을 고려하면, 여론조사를 반영하기보다는 차라리 동전던지기로 당 대표를 정하는 것이 더 나을 수 있다. 결국 당 대표는 당원이 선출하는 것이 옳은 방향이라고 생각된다""는 입장을 밝혔다. 또 ""지난 2022년 대선후보 경선에서 윤석열 후보는 당원투표에서는 이겼지만, 여론조사에서는 홍준표 후보에게 졌다""면서 ""여론조사가 민심을 반영하는 것이라면 홍준표 후보가 국힘의 대선후보가 되는 것이 좀 더 손쉬운 승리를 가져올 것이라고 얘기할 수 있어야 한다. (하지만 현실은 그렇지 않았다)""고 비판했다.

반면 차기 당권 주자로 거론되고 있는 유승민 전 의원은 ""윤석열 대통령이 요구한 당원 100% 전당대회 룰(규칙) 때문에 당이 망했다""며 ""민심을 대폭 확대 반영하는 방향으로 개정돼야 한다""는 주장을 굽히지 않고 있다. 총선 참패 결과와 저조한 대통령 지지율 등 여당의 근본적 문제를 지적한 것으로 풀이된다.

역시 당권 도전 가능성이 점쳐지는 윤상현 의원도 ""민심과 당심이 유리돼 있다""면서 ""전당대회 룰을 당심 50%, 민심 50%로 고쳐야 한다""고 목소리를 내고 있다.

여론조사로 승리한 문재인·이준석

과거 여론조사가 당 대표 선출에서 최종 승패를 가른 결정적 요인으로 작용했던 전당대회도 적진 않다. 특히 거물급들의 팽팽한 경쟁에서는 여론조사 반영으로 인해 끝까지 긴장을 늦출 수 없는 선거의 묘미를 보여주기도 했다. 예컨대 2015년 2월 8일 서울 올림픽체조경기장에서 치러진 민주당 전당대회에서는 많은 이들이 박지원 후보의 승리를 기대했지만 문재인 후보의 높은 지명도를 따라 잡진 못했다. 당시 박 후보가 권리당원 투표에서 45.76%를 얻어 문 후보(39.98%)를 제쳤지만 일반국민 여론조사에선 문 후보가 58.05%의 압도적 지지를 받아 최종적으로 3.5%포인트 앞서며 승리했다. 박 후보는 일반국민 여론조사에서 29.45%를 기록하는 데 그쳤다.

노무현 정부 이후 차기 대선 주자로 커온 문 후보가 당시 당내 입지는 좁았지만 대외적 인기와 지지열풍에 힘입어 당권을 거머쥔 것이다. 당시 전당대회는 전국대의원(45%) + 권리당원(30%)의 투표와 일반당원(10%) + 일반국민(15%)의 여론조사를 합산하는 방식으로 진행됐다.

2021년 5월 2일 민주당 임시 전당대회에서도 선두 후보 간 박빙의 승부를 보여줬다. 당시 당권에 도전했던 송영길 후보와 홍영표 후보는 1% 미만의 득표차를 보이는 혈전을 펼쳤는데, 대의원 투표(45%), 권리당원 투표(40%), 일반국민 여론조사(10%), 일반당원 여론조사(5%)의 합산으로 최종 승부를 가린 이 전당대회의 승자는 송영길 후보였다. 당시 전국대의원과 권리당원 등 당원 투표에선 홍 후보가 11만3517표를 얻고, 송 후보는 11만1752표를 얻어 홍 후보가 앞섰지만 15% 비율을 반영하는 일반국민과 일반당원 여론조사에선 홍 후보가 68.77%를, 송 후보가 75.08%를 얻어 전세를 역전시켰다. 최종 합산 결과 단 0.5%포인트의 근소한 차로 승패가 갈린 이 대회를 보면 상황에 따라 여론조사가 얼마나 예민하게 작용하는지 알 수 있다.

2021년 6월 11일 치러진 국민의힘 1차 전당대회에 30대 이준석 후보가 당선되며 많은 화제를 낳은 것도 여론조사의 힘이었다. 특히 2030 세대의 바람이 표심으로 전달된 것이라는 평가와 함께 '여론조사가 시대 분위기를 고스란히 반영하고 있다'는 분석도 나왔다.

당시 이 후보는 선거인단 투표에서는 37.41%를 받아 차순위인 나경원 후보(40.93%)에게 3%포인트 뒤졌지만 여론조사에서 58.76%의 압도적 지지를 받으며 새로운 역사를 썼다. 당시 본선 룰은 당원투표 70% + 일반국민 여론조사 30%였다. 예비 경선은 5 대 5의 비율로 치러졌다. 당원투표에서 앞선 나 후보를 반영 비율이 적은 여론조사에서 제친 것이다. 최종 성적을 보면 이 후보는 43.81%, 나 후보는 37.13%로 1만4241표 차였다.

전당대회 룰은 당권을 결정짓는 가장 큰 변수 중 하나다. 그만큼 당내 계파 간 기싸움이 치열하고 룰을 어떻게 결정하느냐에 따라 예민한 반응을 보이기도 한다. 특히 국민의힘의 경우 상대적으로 많은 당원들이 영남권에 몰려 있어 당내 분위기와 일반 여론조사 결과가 차이를 보일 수 있다.

전당대회 룰과 관련해 교과서적으로는 ""정당의 수장을 당원들이 뽑는 게 옳고, 국민들은 총선과 대선 등에서 이미 자신들의 의견을 피력하는 투표권을 행사한 것""이라는 의견이 많다. ""사실상 그들만의 리그이고, 국민은 정치권을 향해 비판적 시각을 취하면 된다""는 입장도 있다. 하지만 ""민생 입법의 역할과 책임이 있는 정당의 수장인 만큼 국민 의견이 반영될 필요가 있다""는 목소리도 적지 않다.",2024.05.17. 오후 3:01,https://n.news.naver.com/mnews/article/053/0000043609,주간조선
정치,"박지원 '김건희 여사 공개활동'에 ""사과 없이 '간보기'만""","""활동 재개하며 설명도 없고 사과도 안하는 건 잘못""
""국민의힘 '간철수', '간동훈'에 이어 '간건희'"" 비난도
[서울=뉴시스] 조성우 기자 = 박지원 더불어민주당 당선인이 지난 16일 오전 서울 여의도 국회 의원회관에서 열린 제22대 국회 전반기 국회의장단 후보 선출 당선자 총회에 참석하고 있다. 2024.05.16. xconfind@newsis.com


[서울=뉴시스]신재현 기자 = 박지원 더불어민주당 당선인이 17일 김건희 여사가 5개월 만에 공개 활동을 재개한 것을 두고 ""설명도 없고 사과도 없이 간 보기를 하고 있다""고 비판했다.

박 당선인은 이날 유튜브 방송 '신용산객잔, 박지원의 시사꼬치'에서 ""저는 김건희 여사가 나오는 걸 반대하지 않는다. 다만, 잠행 시작할 때도 국민에게 설명이 없었고 다시 (활동을) 재개하면서도 설명도 없고 사과도 안했다면 이것 또한 잘못""이라고 밝혔다.

박 당선인은 ""153일 만에, 다섯 달간 영부인이 실종됐다가 나오는데 국민은 실종됐다고 궁금해할 것""이라며 국민의힘 관계자들을 거론했다.

박 당선인은 ""안철수 국민의힘 의원 하면 '간철수', 간을 잘 본다는 말이다. 한동훈 전 비대위원장도 당 대표 나올 것인지, 안 나올 것인지 도서관 사진 같은 것으로 간보기를 한다""고 말했다.

이어 ""김 여사도 오는 6월 해외순방 가셔야 하는데 지난 독일 국빈 방문을 민생, 안보 문제로 대통령이 취소했다. 그건 궁색한 것 아닌가""라며 ""이건 '나갈 수가 없다'며 변명을 했는데 저는 '간보기'라고 생각한다. 그래서 '간건희'""라고 덧붙였다.

김 여사는 전날 용산 대통령실에서 열린 한-캄보디아 정상 부부 오찬에 참석했다. 지난해 12월15일 네덜란드 국빈 방문 이후 153일 만의 공개 일정이다.",2024.05.17. 오후 2:54,https://n.news.naver.com/mnews/article/003/0012551799,뉴시스
정치,"文 ""김정은·트럼프 솔직해서 좋았다… 아베는 '속 알 수 없는 사람'","회고록 '변방에서 중심으로' 발간
""김정은, 美와 대화 경험 없어 고충 털어놔""
""트럼프, 직접 '최상의 케미' 수차례 강조""
""아베, 만나면 좋은 얼굴 돌아서면 진전 없어""
문재인(오른쪽) 전 대통령과 김정은(왼쪽) 북한 국무위원장, 도널드 트럼프 전 미국 대통령이 2019년 6월 30일 판문점 자유의집 앞에서 만나 나란히 걸어가고 있다. 판문점=AP 연합뉴스


문재인 전 대통령의 회고록이 17일 출간됐다. 외교·안보를 중심으로 한 주요 정책 결정, 그 과정에서의 급박했던 국제 정세, 해외 정상들과 만났던 소회 등을 담았다. 특히 문 전 대통령은 재임 당시 남북정상회담의 당사자이자 북미정상회담의 중재자로서 만난 김정은 북한 국무위원장과 도널드 트럼프 전 미국 대통령에 대한 일화들, 힘겨루기를 펼쳤던 아베 신조 전 일본 총리에 대한 인상평을 남겨 눈길을 끌었다.

문재인 전 대통령 회고록 '변방에서 중심으로'의 책 표지. 교보문고


문 전 대통령은 먼저 김 위원장과 관련해 ""내게 보여준 김 위원장의 모습은 매우 솔직했다""고 회상했다. 그 이유로는 ""(김 위원장이) 미국과 처음으로 정상회담을 하는 것에 대한 기대와 함께 아무런 경험이 없다는 것에 대한 걱정도 이야기했다""며 ""어떻게 접근하면 좋을지 질문이 많았다""고 설명했다.

트럼프 전 대통령에 대해서도 ""솔직해서 좋았다""고 했다. 문 전 대통령은 ""트럼프 대통령 스스로 '문 대통령과 최상의 케미(호흡·성향)라고 여러 번 얘기할 정도""라며 서로 쿵짝이 잘 맞았다는 점을 강조했다. 이어 ""무례하고 거칠다는 평가도 있지만, 나는 그가 솔직해서 좋았다""며 ""웃는 얼굴을 하지만 행동은 달라서 속을 알 수 없는 사람이 오히려 상대하기 힘들다""고 털어놓기도 했다.

2019년 4월 미국 워싱턴 백악관에서 열린 미일정상회담에 앞서 도널드 트럼프(오른쪽) 당시 미국 대통령과 아베 신조 일본 총리가 웃으며 취재진의 질문에 답하고 있다. 워싱턴=AP 연합뉴스


바로 그 '속을 알 수 없는 사람'의 대표 사례가 아베 전 일본 총리였다. 문 전 대통령은 ""아베 총리는 만나는 순간에는 좋은 얼굴로 부드럽게 말하지만, 돌아서면 전혀 진전이 없었다""고 당시를 떠올렸다. 문 전 대통령은 재임 후반기 수출규제와 강제징용 문제로 일본과 대립각을 세웠다. 회고록에는 당시 우리 정부가 여러 해법을 제시했지만, 일본 총리실에서 모든 방안을 거부했다는 사실도 최초로 공개했다.

문 전 대통령은 재임 기간 김 위원장과 3번의 남북정상회담(2018년 4·5·9월)을 가졌고, 트럼프 전 대통령과 수차례의 한미정상회담을 했다. 싱가포르(2018년 6월)와 하노이(2019년 2월)에서 열린 두 번의 북미정상회담과 남북미 판문점회동(2019년 6월) 때는 북미를 잇는 중재자 역할을 했다.",2024.05.17. 오후 2:51,https://n.news.naver.com/mnews/article/469/0000801862,한국일보
정치,"“나도 탈당, 조국당 간다”…추미애 탈락·우원식 선출에 민주당 내홍","22대 전반기 국회의장 후보로 선출된 더불어민주당 우원식 의원이 17일 오전 서울광장에 마련된 이태원 참사 희생자 분향소를 찾아 직접 작성한 추모의 글을 붙이고 있다. [사진 출처 = 연합뉴스]
더불어민주당이 우원식 의원을 제22대 국회 전반기 국회의장 후보로 선출하자 강성 당원들이 강하게 반발하고 있다. 당초 정치권에서는 ‘어의추(어차피 의장은 추미애)’라는 신조어가 생길 만큼 추미애 경기 하남갑 당선인이 유력했으나, 9표 차로 우 의원에게 지는 결과가 나오면서다.

17일 민주당 당원 게시판인 ‘블루웨이브’, 이재명 대표 팬카페 ‘재명이네 마을’ 등에는 국회의장 후보 경선 결과에 불만을 표출하는 게시글과 댓글이 빗발치고 있다.

일부 당원들은 민주당 탈당을 인증하며 조국혁신당에 입당하겠다고 했다. 한 당원은 ‘권리당원 탈당 인증’이라는 제목의 글에 “앞에서는 민주 국민들 주도하는 척, 대변하는 척 하면서 뒤에서는 자신만의 안위만을 생각하고 아무런 소신과 철학도 없이 인기에만 영합했던 민주당 의원님들”이라고 비판했다.

작성자는 해당 게시물에 민주당 탈당 신청서를 첨부했는데, 탈당 사유에는 ‘우원식 당선으로 알았다. 민주당에는 희망이 없다는 걸’이라며 ‘혹시나 하는 일말의 미련마저 버리련다. 이 나라는 이제 내 알 바 아니다’라고 적혀있다.

더불어민주당 당원 게시판 ‘블루웨이브’에 올라온 권리 당원 탈당 인증 [사진 출처 = 블루웨이브 캡처]
댓글에는 “저도 탈당합니다. 조국혁신당에서 보시죠”, “저도 (탈당) 고민 중이네요. 우원식이라니”, “내 표 내놔라! 이 꼴 보려고 참나~ 나도 조국혁신당으로 가련다”, “권리당원 탈당함. 진짜 민주당도 못믿겠다”, “민주사기당, 우원식 사퇴가 답이다. 지방선거는 조국혁신당 찍는다”등의 반응이 이어졌다.

다른 당원들도 탈당 신청서를 인증하며 “조국혁신당이 답인가 보다”, “조국혁신당으로 당적 옮긴다”등의 글을 남겼다.

이와 관련 정청래 민주당 최고위원은 이날 최고위원회의에서 “국회의장 선거 결과로 많은 당원과 지지자들이 실망하고 분노하고 있다”며 “상처받은 여러분에게 미안하고, 미안하다. 헤어질 결심, 탈당하지 말고 정권 교체의 길에 함께해 달라”고 말했다.

또 정 최고위원은 지난 16일에도 페이스북에 “당원이 주인인 정당, 아직도 갈 길이 멀다. 상처받은 당원과 지지자들께 미안하다”고 적은 바 있다.

우 의원은 정 최고위원의 발언에 대해 “정 최고위원은 상당히 책임 있는 국회의원인데 그렇게 얘기하는 건 적절치 않다”며 “(자신을 의장으로 뽑은) 당선자들의 판단과 당원들을 분리시키고, 갈라치기 하는 것”이라며 “수석 최고위원으로서 아주 부적절한 발언을 했다”고 직격했다.",2024.05.17. 오후 2:51,https://n.news.naver.com/mnews/article/009/0005304788,매일경제
정치,"文 회고록 ""김정은, 핵 사용할 생각 없다고 했다…자기들 안전보장 때문""","文 ""김정은. 딸 머리에 핵 이고 살게 하고 싶지 않다고""
2018년 4월 27일 판문점 군사분계선에서 만난 문재인 전 대통령(오른쪽)과 김정은 북한 국무위원장. 연합뉴스
문재인 전 대통령의 퇴임 후 첫 회고록 '변방에서 중심으로'. 김영사


문재인 전 대통령이 17일 퇴임 2주년을 맞아 회고록 '변방에서 중심으로'(김영사)를 출간했다.

문 전 대통령이 퇴임 후 발표한 첫 회고록으로, 재임 중 세 차례에 걸쳐 실시한 남북정상회담, 두 번의 북미정상회담 등과 외교·안보 사안에 대한 후일담을 공개했다.

문 전 대통령은 김정은 북한 국무위원장을 비롯해 도널드 트럼프 미국 전 대통령, 아베 전 일본 총리 등에 대해 회고했다.

문 전 대통령은 김정은 북한 국무위원장과의 만남을 떠올리며 ""김 위원장이 그런 표현을 누누이 썼다. 핵은 철저하게 자기들의 안전을 보장하기 위한 것이다. 사용할 생각이 전혀 없다. 우리가 핵 없이도 살 수 있다면 무엇 때문에 많은 제재를 받으면서 힘들게 핵을 머리에 이고 살겠는가, 자기에게도 딸이 있는데 핵을 머리에 이고 살게 하고 싶지 않다고 했다""고 전했다.

이어 ""그렇게 비핵화 의지를 나름대로 절실하게 설명했다""며 ""미국을 비롯한 국제사회가 자신들의 비핵화 의지를 불신하는 것에 대해 매우 답답한 심정을 거듭 토로했다""고 설명했다.

문 전 대통령은 트럼프 전 대통령이 ""문 대통령과 케미스트리가 정말 잘 맞는다""고 했다고도 강조했다.

문 전 대통령은 ""(트럼프 전 대통령이 나와) '최상의 케미'라고 여러 번 이야기할 정도였다. 그에 대한 부정적인 평가도 있지만 내게는 동맹외교의 파트너로서 아주 잘 맞는 편이었다""고 말했다. 이어 ""무례하고 거칠다는 평가도 있지만, 나는 그가 솔직해서 좋았다. 웃는 얼굴을 하지만 행동은 달라서 속을 알 수 없는 사람이 오히려 상대하기 힘들다""고 털어놨다.

반면 고(故) 아베 신조 전 일본 총리에 대해서는 ""요지부동이었다. 만나는 순간에는 좋은 얼굴로 부드러운 말을 하지만 돌아서면 전혀 진전이 없었다""고 부정적으로 평했다.

또한 문 전 대통령은 '노 딜'(No deal)로 끝난 하노이 북미정상회담에 대해선 아쉬움을 표했다.

그는 ""당시로서는 하노이 노딜이 끝이라고 생각하지 않았고, 끝난 이후에도 트럼프 대통령이 긍정적인 말을 했다. 김 위원장과 트럼프 대통령 사이에 친서도 오가고, 나중에 판문점 삼자회동이 있었다""면서 ""그랬기 때문에 북미 간 3차 정상회담을 열려는 노력이 계속되고 있는 것으로 생각했다""고 회고했다.

이어 ""나중에 그런 판단을 하게 됐을 때 김 위원장에게 만나자고 여러 번 제안했는데 이뤄지지 않았다. 실기한 것""이라며 ""지금 와서 생각하면 그 타이밍에 내가 제안해서 한번 보자고 했으면 좋았겠다는 후회가 있다""고 떠올렸다.

한편, 회고록은 문재인 정부 시절 청와대 평화기획비서관, 외교부 1차관 등을 역임한 최종건 연세대 정치외교학과 교수가 질문하고, 문 전 대통령이 답하는 형식으로 구성됐다. 문재인 정부 시절 주요 상황을 담은 사진 100여 장도 실렸다.",2024.05.17. 오후 2:45,https://n.news.naver.com/mnews/article/088/0000878366,매일신문
정치,"이준석 “패장 한동훈, 전대 나와선 안돼…당 혁신 실패한 사람”","강연하는 이준석 개혁신당 대표.뉴시스
이준석 개혁신당 대표가 한동훈 전 국민의힘 비상대책위원장의 당대표 출마설에 “(전당대회에) 나와선 안 된다”고 주장했다.

이 대표는 17일 MBC 라디오 ‘김종배의 시선집중’에 출연해 “한 번 전투에서 진 패장이 다시 선거에 등장해 당의 혁신을 꾀한다는 건 논리적으로 듣기에도 이상한 얘기”라며 이같이 밝혔다.

이 대표는 “정당을 대표할 수 있는 사람 중에 가장 힘이 센 사람이 총선 직전 비대위원장이다”라며 “공천권을 바탕으로 개미 한 마리까지 내 말을 듣게 할 수 있는데 (한 위원장이) 그 막강한 권한을 가질 때 당 지지율을 올리거나 혁신하는 데에 실패했다”고 말했다.

이어 “거꾸로 지금 선출되는 당대표는 선거도 없다. 2년 동안 가장 흐물흐물한, 아무도 말을 듣지 않는 대표”라며 “(한 전 위원장이) 비대위는 못 하셨는데 대표는 잘하실 수도 있겠지만 가능성은 낮다”고 지적했다.

이 대표는 홍준표 대구시장이 한 전 위원장에게 ‘총선 말아먹은 애’라는 표현을 사용한 것과 관련해 “홍 시장이 체감하기로는 (한 전 위원장이) 본인 주변 인사들과 보수 전반 인사를 거의 1000명 가까이 저인망식 수사를 했다는 것 같다”며 “그 말이 사실이라면 그 당시 당대표를 할 시점이기 때문에 굉장히 불편할 수밖에 없다”고 말했다.

홍 시장은 지난 16일 자신의 페이스북을 통해 한 전 위원장을 향해 “나만 살겠다고 윤석열 대통령 탓하는 그런 비겁한 생각으로 6월 난장판 국회를 어떻게 대처하겠다는 건가. 당 대표 하나 맡겠다는 중진 없이 또다시 총선 말아 먹은 애한테 기대겠다는 당이 미래가 있겠나”라며 “문재인의 사냥개 되어 우리를 지옥으로 몰고 간 애 밑에서 배알도 없이 또 정치하겠다는 건가”라고 밝힌 바 있다.

이 대표는 윤석열 대통령의 부인 김건희 여사의 활동 재개에 대해선 “김 여사가 대중적으로 비호감도가 어느 정도 존재하는 것도 사실이지만 김 여사가 지금 문제 되는 특검이나 이런 건들이 본인에 의해서 파생된 건이라는 걸 아셨으면 한다”고 강조했다.",2024.05.17. 오후 2:42,https://n.news.naver.com/mnews/article/020/0003565250,동아일보
정치,"일시 귀국하는 '친문 적자' 김경수…복권돼 비명계 구심점으로?","盧 전 대통령 15주기 추도식 참석차 귀국…'친문' 고민정 ""역할 해야 될 때는 해야""

김경수 전 경남지사 ⓒ연합뉴스


'친노(親노무현)-친문(親문재인)의 적자'로 평가되는 김경수 전 경남도지사가 일시 귀국한다. 더불어민주당 안팎에서 이재명 대표 일극(一極)체제에 대한 우려가 나오는 가운데 김 전 지사가 비명(非이재명)계의 구심점 역할을 하는 것 아니냐는 관측도 나온다. 최근 정치권에선 김 전 지사 복권론도 흘러나오고 있다.

영국에서 공부 중인 김 전 지사는 오는 23일 열리는 노무현 전 대통령 15주기 추도식에 참석하기 위해 19일 입국하는 것으로 전해졌다. 김 전 지사는 노 전 대통령 퇴임 후에도 비서관으로 곁을 지켜 '노무현의 마지막 비서관'으로도 불려왔다. 그는 이후 문재인 전 대통령의 최측근으로서 친문의 차기 대권주자로 꼽혔으나 '드루킹 댓글 조작' 사건으로 징역 2년 실형을 선고받고 복역하다 만기 출소를 6개월 앞둔 2022년 12월 특별사면됐다. 다만 복권은 되지 않아 2028년까지 피선거권이 제한된 상태다.

김 전 지사가 정치적 행보를 하기 위해선 복권이 필수적인 상황인데, 야권에서 최근 김 전 지사 복권을 요구하는 목소리가 커져 주목된다. 박지원 국회의원 당선자은 16일 SBS라디오와의 인터뷰에서 김 전 지사의 복권을 공개적으로 요구했다. 박 당선자는 사면권자인 윤 대통령을 향해 ""자기 장모는 가석방하고 훌륭한 야당 지도자한테는 복권 안 해서 정치를 딱 못하게 묶어놓으면 대통령도 안 좋다""라고 주장했다. 그는 김 전 지사 역할론과 관련해 ""김 전 지사가 그러한 덕목을 갖춘 지도자인 것만은 사실""이라면서 ""그러나 현재 윤 대통령이 (김 전 지사의) 운명을 가지고 있다""고 강조했다.

문재인 정부 청와대 출신으로 친문계로 분류되는 고민정 최고위원도 같은 날 MBC라디오에서 김 전 지사 복권론에 대해 ""대통령의 특별 권한이기 때문에 짐작하기 어렵지만 저는 여전히 (김 전 지사의) 사면·복권이 필요하다고 생각한다""며 ""복권이 안 되면 뭔가 (정치적 행보를)하긴 어렵다""고 견해를 밝혔다. 김 전 지사의 정치적 역할론에 대해선 ""정치인은 본인의 의지와 상관없이 불려나올 수 있는 것이지, 본인 의지는 두 번째 문제""라며 ""(김 전 지사가) 역할을 해야 될 때가 되면 해야 된다고 늘 생각한다""라고 말했다. 

역시 친문계로 꼽히는 윤건영 민주당 의원은 17일 오전 SBS라디오에서 김 전 지사의 복권 가능성에 대해 ""아직 복권도 안 돼 있고 정치를 재개할 여건이 마련돼 있지 않다. 너무 지나친 상상력의 발현""이라며 ""떡 줄 사람은 생각지도 않는데 김칫국부터 마시면 안 된다고 생각한다""고 밝혔다. 그는 ""복권 여부는 헌법상 대통령의 권한으로 윤석열 대통령이 판단할 부분""이라면서도 ""다만 윤 대통령의 사면권이 너무나 편협하게 이뤄졌다. 사면권 행사를 헌법 정신에 맞춰 제대로 했으면 좋겠다""라고 말했다. 윤 의원은 김 전 지사가 복권될 경우 친문계의 구심점이 될 수도 있겠냐는 질문에 ""가정에 가정에 가정을 한 서너 번은 해야 하는 질문""이라며 즉답은 피했다.",2024.05.17. 오후 2:42,https://n.news.naver.com/mnews/article/586/0000078821,시사저널
정치,"박찬대, 검찰 인사 후 김건희 여사 활동 재개에 ""공교롭지 않나""","""김건희 여사 무려 153일 만에 공개 석상 모습 드러내""

""검찰총장 동의 없이 진행된 검찰 인사…김 여사 수사 막기 위한 것이었다는 방증""

장경태 ""명품백 의혹 권익위 수사 연장 기간 훌쩍 넘긴 150여 일 가까이 오리무중""

""총선 끝, 서울중앙지검장 바뀌어 밖으로 나오고 싶으시다면 제2부속실 설치부터""
◆…윤석열 대통령과 김건희 여사가 16일 서울 용산 대통령실 청사에 공식 오찬 뒤 훈 마넷 캄보디아 총리, 배우자인 뺏 짠모니 여사를 배웅하고 있다.[사진=연합뉴스]


더불어민주당 박찬대 원내대표가 김건희 여사가 검찰 고위급 인사를 단행한 지 사흘 만에 공개 활동을 재개한 것을 두고 공교롭지 않냐고 직격했다.

박 원내대표는 17일 국회에서 열린 최고위원회의에서 ""총선 이후 이원석 검찰총장이 김 여사 명품백 수수 사건에 대한 수사 지시를 내렸다. 그러자 갑자기 검찰 인사가 난다""며 ""김건희 수사를 담당하던 송경호 서울중앙지검장이 사실상 좌천되었고, 이 검찰총장의 참모들도 줄줄이 다른 곳으로 발령이 났다""고 말했다.

그러면서 ""김건희 여사가 무려 153일 만에 공개 석상에 모습을 드러냈다""며 ""검찰총장의 동의 없이 진행된 검찰 인사가 김 여사 수사를 막기 위한 것이었다는 방증 아니냐""고 의혹을 제기했다.

앞서 김 여사는 전날(16일) 용산 대통령실에서 한국-캄보디아 정상회담 뒤 열린 오찬에 참석하며 공개 행보를 재개했다. 지난해 말 명품 가방 수수 의혹이 불거진 김 여사는 그해 12월 15일 네덜란드 순방 이후 공개 행보에 나서지 않아 왔다.

박 원내대표는 ""딱딱 톱니바퀴 맞물려 가듯이 돌아가는 것을 보면 김 여사가 검찰이 수사를 하지 않겠다는 약속이라도 받은 것 아니냐는 의심이 저절로 들지 않겠냐""며 ""오얏나무 아래에서 갓끈 고쳐 맬 것이 아니라, 오얏나무 열매를 미리 따 놓고 갓끈 매는 척하는 것 아니냐""고 비꼬았다.

그는 김 여사 수사와 관련해 ""윤석열 정부의 불공정과 검찰의 편파 수사를 보여주는 대표 사례""라며 ""야당 대표와 야당 인사들에 대해서는 수백 회씩 제집 드나들듯 수시로 압수수색하는 검찰이, 대통령 배우자의 굵직한 의혹들, 주가조작, 명품백, 고속도로 노선 변경 특혜 의혹에 대해서는 사실상 수사를 방치해왔다""고 비판했다.

이어 ""대선 이후 단 한 차례도 소환이나 압수수색이 없었다""며 ""대통령은 거부권까지 행사하며 노골적으로 배우자에 대한 비리 혐의 수사를 거부했다. 그러니 특검을 해야 한다는 여론이 높아지는 것""이라고 지적했다.

민주당 장경태 최고위원도 이날 회의에서 ""까마귀 날자 배 떨어진다는 말이 떠오르듯, 수사 검사들이 대거 교체되자 안심하고 등장하는 사람이 있다""며 ""김건희 디올 백 수수와 도이치모터스 주가조작 의혹 수사를 담당하던 서울중앙지검이 교체되었다는 소식에 5개월 만에 등장한 김건희 여사""라고 직격했다.

그는 ""김건희 디올 백 의혹에 관한 권익위 수사도 여전히 연장 기간을 훌쩍 넘긴 약 150여 일 가까이 오리무중""이라며 ""서울중앙지검은 누구든 철저한 수사를 빈틈없이 진행해야 한다""고 주장했다.

또 ""소환이 예정되어 있었다면 그대로 진행하는 것이 맞다. 국민이 믿을 수 있는, 제대로 일하는 검찰의 모습을 국민께서 기대하셨지만 특검밖에 방법이 없어 보인다""며 ""총선 끝났다고, 서울중앙지검장 바뀌었다고 밖으로 나오고 싶으시다면 제2부속실 설치부터 하시기 바란다""고 덧붙였다.",2024.05.17. 오후 2:34,https://n.news.naver.com/mnews/article/123/0002334205,조세일보
정치,"조정훈 “한동훈 책임 어떻게 안 물을 수 있나” 신지호 “편향적 백서 중단하라”","총선백서특위 공천 평가 회의에 정영환·이철규 참석
친한 핵심 장동혁은 공수처장 청문회 일정과 겹쳐 불참

국민의힘 이철규(왼쪽) 의원이 17일 국회에서 열린 당 총선백서특별위원회 공천 관련 평가 회의에서 발언을 마치고 인사하고 있다. /뉴스1

국민의힘 총선백서특별위원회 위원장인 